resourceType,id,text.status,text.div,extension.url,extension.extension.url,extension.extension.valueCoding.system,extension.extension.valueCoding.code,extension.extension.valueCoding.display,extension.extension.valueString,extension.valueString,extension.valueCode,extension.valueAddress.city,extension.valueAddress.state,extension.valueAddress.country,extension.valueDecimal,identifier.system,identifier.value,identifier.type.coding.system,identifier.type.coding.code,identifier.type.coding.display,identifier.type.text,name.use,name.family,telecom.system,telecom.value,telecom.use,gender,birthDate,deceasedDateTime,address.extension.url,address.extension.extension.url,address.extension.extension.valueDecimal,address.city,address.state,address.country,maritalStatus.coding.system,maritalStatus.coding.code,maritalStatus.coding.display,maritalStatus.text,multipleBirthBoolean,communication.language.coding.system,communication.language.coding.code,communication.language.coding.display,communication.language.text
Patient,8c95253e-8ee8-9ae8-6d40-021d702dc78e,generated,"<div xmlns=""http://www.w3.org/1999/xhtml"">Generated by <a href=""https://github.com/synthetichealth/synthea"">Synthea</a>.Version identifier: master-branch-latest
 .   Person seed: 8886041252665297312  Population seed: 13235</div>",http://synthetichealth.github.io/synthea/quality-adjusted-life-years,text,urn:oid:2.16.840.1.113883.6.238,2186-5,Not Hispanic or Latino,Not Hispanic or Latino,Holley125 Champlin946,M,Barnstable,Massachusetts,US,52.94173528961741,http://standardhealthrecord.org/fhir/StructureDefinition/passportNumber,X67249552X,http://terminology.hl7.org/CodeSystem/v2-0203,PPN,Passport Number,Passport Number,official,Dickens475,phone,555-152-6034,home,male,1944-08-28,1998-08-15T13:05:53+01:00,http://hl7.org/fhir/StructureDefinition/geolocation,longitude,-71.94977170576706,Charlton,MA,US,http://terminology.hl7.org/CodeSystem/v3-MaritalStatus,M,M,M,False,urn:ietf:bcp:47,en-US,English,English
Patient,6fa23508-960e-ff22-c3d0-0519a036543b,generated,"<div xmlns=""http://www.w3.org/1999/xhtml"">Generated by <a href=""https://github.com/synthetichealth/synthea"">Synthea</a>.Version identifier: master-branch-latest
 .   Person seed: -1420468386461402933  Population seed: 13235</div>",http://synthetichealth.github.io/synthea/quality-adjusted-life-years,text,urn:oid:2.16.840.1.113883.6.238,2186-5,Not Hispanic or Latino,Not Hispanic or Latino,Heike726 Dickinson688,M,Douglas,Massachusetts,US,18.205076132169825,http://standardhealthrecord.org/fhir/StructureDefinition/passportNumber,X44198863X,http://terminology.hl7.org/CodeSystem/v2-0203,PPN,Passport Number,Passport Number,official,Jerde200,phone,555-455-2751,home,male,2001-06-28,http://hl7.org/fhir/StructureDefinition/geolocation,longitude,-71.04220355381722,Boston,MA,02129,US,http://terminology.hl7.org/CodeSystem/v3-MaritalStatus,S,Never Married,Never Married,False,urn:ietf:bcp:47,en-US,English,English
Patient,83524678-9bff-93b7-ef89-d7f5390072ff,generated,"<div xmlns=""http://www.w3.org/1999/xhtml"">Generated by <a href=""https://github.com/synthetichealth/synthea"">Synthea</a>.Version identifier: master-branch-latest
 .   Person seed: 6073745963153973070  Population seed: 13235</div>",http://synthetichealth.github.io/synthea/quality-adjusted-life-years,text,urn:oid:2.16.840.1.113883.6.238,2186-5,Not Hispanic or Latino,Not Hispanic or Latino,Monika509 Frami345,F,Bourne,Massachusetts,US,34.261905754956935,http://standardhealthrecord.org/fhir/StructureDefinition/passportNumber,X60269119X,http://terminology.hl7.org/CodeSystem/v2-0203,PPN,Passport Number,Passport Number,official,Price929,phone,555-106-9705,home,female,1980-06-10,http://hl7.org/fhir/StructureDefinition/geolocation,longitude,-72.59374129047485,Springfield,MA,US,http://terminology.hl7.org/CodeSystem/v3-MaritalStatus,S,S,S,False,urn:ietf:bcp:47,en-US,English,English
Patient,4e343b0a-8698-b6dd-64c6-c2d2d0959e6e,generated,"<div xmlns=""http://www.w3.org/1999/xhtml"">Generated by <a href=""https://github.com/synthetichealth/synthea"">Synthea</a>.Version identifier: master-branch-latest
 .   Person seed: 2417378895533397034  Population seed: 13235</div>",http://synthetichealth.github.io/synthea/quality-adjusted-life-years,text,urn:oid:2.16.840.1.113883.6.238,2186-5,Not Hispanic or Latino,Not Hispanic or Latino,Chastity705 Osinski784,F,Medford,Massachusetts,US,33.29724080999957,http://standardhealthrecord.org/fhir/StructureDefinition/passportNumber,X89811793X,http://terminology.hl7.org/CodeSystem/v2-0203,PPN,Passport Number,Passport Number,maiden,Lind531,phone,555-675-9219,home,female,1946-05-21,http://hl7.org/fhir/StructureDefinition/geolocation,longitude,-71.08230279874297,Fall River,MA,US,http://terminology.hl7.org/CodeSystem/v3-MaritalStatus,M,M,M,False,urn:ietf:bcp:47,en-US,English,English
Patient,6e4ac285-2a8d-a30d-5ecb-e32cb595a876,generated,"<div xmlns=""http://www.w3.org/1999/xhtml"">Generated by <a href=""https://github.com/synthetichealth/synthea"">Synthea</a>.Version identifier: master-branch-latest
 .   Person seed: 9211987501035262130  Population seed: 13235</div>",http://synthetichealth.github.io/synthea/quality-adjusted-life-years,text,urn:oid:2.16.840.1.113883.6.238,2186-5,Not Hispanic or Latino,Not Hispanic or Latino,Maire384 Murray856,F,Hanover,Massachusetts,US,51.092966393405646,http://standardhealthrecord.org/fhir/StructureDefinition/passportNumber,X18537023X,http://terminology.hl7.org/CodeSystem/v2-0203,PPN,Passport Number,Passport Number,maiden,Osinski784,phone,555-418-5997,home,female,1968-07-07,http://hl7.org/fhir/StructureDefinition/geolocation,longitude,-71.32975903088727,Dracut,MA,US,http://terminology.hl7.org/CodeSystem/v3-MaritalStatus,M,M,M,False,urn:ietf:bcp:47,en-US,English,English
Patient,1029f880-d3db-f477-9da3-f59c14ed22c6,generated,"<div xmlns=""http://www.w3.org/1999/xhtml"">Generated by <a href=""https://github.com/synthetichealth/synthea"">Synthea</a>.Version identifier: master-branch-latest
 .   Person seed: -2896605949624718464  Population seed: 13235</div>",http://synthetichealth.github.io/synthea/quality-adjusted-life-years,text,urn:oid:2.16.840.1.113883.6.238,2186-5,Not Hispanic or Latino,Not Hispanic or Latino,Berneice173 Spinka232,M,Lynnfield,Massachusetts,US,21.8621132791302,http://standardhealthrecord.org/fhir/StructureDefinition/passportNumber,X22567330X,http://terminology.hl7.org/CodeSystem/v2-0203,PPN,Passport Number,Passport Number,official,Breitenberg711,phone,555-748-5270,home,male,1998-04-30,http://hl7.org/fhir/StructureDefinition/geolocation,longitude,-71.61843797169378,Devens,MA,01434,US,http://terminology.hl7.org/CodeSystem/v3-MaritalStatus,S,Never Married,Never Married,False,urn:ietf:bcp:47,en-US,English,English
Patient,a18edb30-e93c-8e9b-8e6a-95a651a24a36,generated,"<div xmlns=""http://www.w3.org/1999/xhtml"">Generated by <a href=""https://github.com/synthetichealth/synthea"">Synthea</a>.Version identifier: master-branch-latest
 .   Person seed: -2739903152132542341  Population seed: 13235</div>",http://synthetichealth.github.io/synthea/quality-adjusted-life-years,text,urn:oid:2.16.840.1.113883.6.238,2186-5,Not Hispanic or Latino,Not Hispanic or Latino,Regena252 Johnson679,F,Pittsfield,Massachusetts,US,75.37216860486197,http://standardhealthrecord.org/fhir/StructureDefinition/passportNumber,X23972026X,http://terminology.hl7.org/CodeSystem/v2-0203,PPN,Passport Number,Passport Number,maiden,Rowe323,phone,555-418-2098,home,female,1943-04-23,http://hl7.org/fhir/StructureDefinition/geolocation,longitude,-70.46707395330185,Sandwich,MA,US,http://terminology.hl7.org/CodeSystem/v3-MaritalStatus,M,M,M,False,urn:ietf:bcp:47,en-US,English,English
Patient,f406a4e8-821b-0c9a-c8ec-09ad0f1fe9c6,generated,"<div xmlns=""http://www.w3.org/1999/xhtml"">Generated by <a href=""https://github.com/synthetichealth/synthea"">Synthea</a>.Version identifier: master-branch-latest
 .   Person seed: 1976223723008595247  Population seed: 13235</div>",http://synthetichealth.github.io/synthea/quality-adjusted-life-years,text,urn:oid:2.16.840.1.113883.6.238,2186-5,Not Hispanic or Latino,Not Hispanic or Latino,Nanci249 Parisian75,M,Hingham,Massachusetts,US,29.991029992876335,http://standardhealthrecord.org/fhir/StructureDefinition/passportNumber,X77311867X,http://terminology.hl7.org/CodeSystem/v2-0203,PPN,Passport Number,Passport Number,official,Mohr916,phone,555-320-9982,home,male,1990-10-27,http://hl7.org/fhir/StructureDefinition/geolocation,longitude,-71.1976970722326,Arlington,MA,02476,US,http://terminology.hl7.org/CodeSystem/v3-MaritalStatus,M,M,M,False,urn:ietf:bcp:47,en-US,English,English
Patient,b8c71fe0-e911-205e-19c3-b92e88e5b5a6,generated,"<div xmlns=""http://www.w3.org/1999/xhtml"">Generated by <a href=""https://github.com/synthetichealth/synthea"">Synthea</a>.Version identifier: master-branch-latest
 .   Person seed: -5108445906965651824  Population seed: 13235</div>",http://synthetichealth.github.io/synthea/quality-adjusted-life-years,text,urn:oid:2.16.840.1.113883.6.238,2186-5,Not Hispanic or Latino,Not Hispanic or Latino,Vennie613 Mraz590,F,Boston,Massachusetts,US,70.82214161782845,http://standardhealthrecord.org/fhir/StructureDefinition/passportNumber,X54583141X,http://terminology.hl7.org/CodeSystem/v2-0203,PPN,Passport Number,Passport Number,maiden,Auer97,phone,555-640-7436,home,female,1941-09-27,http://hl7.org/fhir/StructureDefinition/geolocation,longitude,-71.23937576670947,Tewksbury,MA,US,http://terminology.hl7.org/CodeSystem/v3-MaritalStatus,M,M,M,False,urn:ietf:bcp:47,en-US,English,English
Patient,e5b7d947-da2b-9cf4-12a0-9eb2cf735330,generated,"<div xmlns=""http://www.w3.org/1999/xhtml"">Generated by <a href=""https://github.com/synthetichealth/synthea"">Synthea</a>.Version identifier: master-branch-latest
 .   Person seed: 8324068465289936626  Population seed: 13235</div>",http://synthetichealth.github.io/synthea/quality-adjusted-life-years,text,urn:oid:2.16.840.1.113883.6.238,2186-5,Not Hispanic or Latino,Not Hispanic or Latino,Janay119 Maggio310,M,Andover,Massachusetts,US,42.27111431556462,http://standardhealthrecord.org/fhir/StructureDefinition/passportNumber,X9416817X,http://terminology.hl7.org/CodeSystem/v2-0203,PPN,Passport Number,Passport Number,official,Crooks415,phone,555-326-5395,home,male,1977-05-12,http://hl7.org/fhir/StructureDefinition/geolocation,longitude,-71.39780628580596,Franklin,MA,US,http://terminology.hl7.org/CodeSystem/v3-MaritalStatus,M,M,M,False,urn:ietf:bcp:47,en-US,English,English
Patient,b0478b4f-16f2-af38-d199-44db19304df2,generated,"<div xmlns=""http://www.w3.org/1999/xhtml"">Generated by <a href=""https://github.com/synthetichealth/synthea"">Synthea</a>.Version identifier: master-branch-latest
 .   Person seed: -8322328097031095034  Population seed: 13235</div>",http://synthetichealth.github.io/synthea/quality-adjusted-life-years,text,urn:oid:2.16.840.1.113883.6.238,2186-5,Not Hispanic or Latino,Not Hispanic or Latino,Terri848 Pagac496,M,Newton,Massachusetts,US,34.77363892616221,http://standardhealthrecord.org/fhir/StructureDefinition/passportNumber,X56922751X,http://terminology.hl7.org/CodeSystem/v2-0203,PPN,Passport Number,Passport Number,official,Klocko335,phone,555-950-7518,home,male,1976-09-23,http://hl7.org/fhir/StructureDefinition/geolocation,longitude,-70.89614716004945,Fairhaven,MA,US,http://terminology.hl7.org/CodeSystem/v3-MaritalStatus,S,S,S,False,urn:ietf:bcp:47,en-US,English,English
Patient,0f978b87-8054-e6d3-aa03-20e101ea37c0,generated,"<div xmlns=""http://www.w3.org/1999/xhtml"">Generated by <a href=""https://github.com/synthetichealth/synthea"">Synthea</a>.Version identifier: master-branch-latest
 .   Person seed: -1547193249638865357  Population seed: 13235</div>",http://synthetichealth.github.io/synthea/quality-adjusted-life-years,text,urn:oid:2.16.840.1.113883.6.238,2186-5,Not Hispanic or Latino,Not Hispanic or Latino,Willette878 Hudson301,F,Mashpee,Massachusetts,US,34.47924242320801,http://standardhealthrecord.org/fhir/StructureDefinition/passportNumber,X8010852X,http://terminology.hl7.org/CodeSystem/v2-0203,PPN,Passport Number,Passport Number,maiden,Weimann465,phone,555-810-7175,home,female,1985-10-31,http://hl7.org/fhir/StructureDefinition/geolocation,longitude,-71.36633331098841,Concord,MA,US,http://terminology.hl7.org/CodeSystem/v3-MaritalStatus,M,M,M,False,urn:ietf:bcp:47,en-US,English,English
Patient,64cdd7b0-d5a5-ca8a-4b03-3db12d7534be,generated,"<div xmlns=""http://www.w3.org/1999/xhtml"">Generated by <a href=""https://github.com/synthetichealth/synthea"">Synthea</a>.Version identifier: master-branch-latest
 .   Person seed: -3920323003786139094  Population seed: 13235</div>",http://synthetichealth.github.io/synthea/quality-adjusted-life-years,text,urn:oid:2.16.840.1.113883.6.238,2186-5,Not Hispanic or Latino,Not Hispanic or Latino,Tobie99 Considine820,F,Taunton,Massachusetts,US,5.989827013849543,http://hl7.org/fhir/sid/us-ssn,999-43-7373,http://terminology.hl7.org/CodeSystem/v2-0203,SS,Social Security Number,Social Security Number,official,Reinger292,phone,555-131-4483,home,female,2014-09-29,http://hl7.org/fhir/StructureDefinition/geolocation,longitude,-70.49877275353255,Sandwich,MA,02563,US,http://terminology.hl7.org/CodeSystem/v3-MaritalStatus,S,Never Married,Never Married,False,urn:ietf:bcp:47,en-US,English,English
Patient,cced3031-d98c-d870-5dce-f0086d8c7a34,generated,"<div xmlns=""http://www.w3.org/1999/xhtml"">Generated by <a href=""https://github.com/synthetichealth/synthea"">Synthea</a>.Version identifier: master-branch-latest
 .   Person seed: -2301315548290839046  Population seed: 13235</div>",http://synthetichealth.github.io/synthea/quality-adjusted-life-years,text,urn:oid:2.16.840.1.113883.6.238,2186-5,Not Hispanic or Latino,Not Hispanic or Latino,Ashly243 Fahey393,F,Haiphong,Kiến An,VN,49.46169145932825,http://standardhealthrecord.org/fhir/StructureDefinition/passportNumber,X572225X,http://terminology.hl7.org/CodeSystem/v2-0203,PPN,Passport Number,Passport Number,official,Wilkinson796,phone,555-419-9987,home,female,1967-04-28,http://hl7.org/fhir/StructureDefinition/geolocation,longitude,-71.00540873406764,Saugus,MA,01906,US,http://terminology.hl7.org/CodeSystem/v3-MaritalStatus,S,S,S,False,urn:ietf:bcp:47,vi,Vietnamese,Vietnamese
Patient,7c4e1f8e-29e4-f88f-095a-aa6a9f55e6de,generated,"<div xmlns=""http://www.w3.org/1999/xhtml"">Generated by <a href=""https://github.com/synthetichealth/synthea"">Synthea</a>.Version identifier: master-branch-latest
 .   Person seed: -3991616025558881118  Population seed: 13235</div>",http://synthetichealth.github.io/synthea/quality-adjusted-life-years,text,urn:oid:2.16.840.1.113883.6.238,2186-5,Not Hispanic or Latino,Not Hispanic or Latino,Kristi306 Altenwerth646,F,Yarmouth,Massachusetts,US,51.09301552822218,http://standardhealthrecord.org/fhir/StructureDefinition/passportNumber,X29560634X,http://terminology.hl7.org/CodeSystem/v2-0203,PPN,Passport Number,Passport Number,maiden,Dibbert990,phone,555-501-4799,home,female,1937-10-21,2004-09-15T09:22:00+01:00,http://hl7.org/fhir/StructureDefinition/geolocation,longitude,-71.12384099111692,Fall River,MA,02790,US,http://terminology.hl7.org/CodeSystem/v3-MaritalStatus,M,M,M,False,urn:ietf:bcp:47,en-US,English,English
Patient,91cf58f9-191c-3a49-a979-2ca64e52c369,generated,"<div xmlns=""http://www.w3.org/1999/xhtml"">Generated by <a href=""https://github.com/synthetichealth/synthea"">Synthea</a>.Version identifier: master-branch-latest
 .   Person seed: 1800285819108277181  Population seed: 13235</div>",http://synthetichealth.github.io/synthea/quality-adjusted-life-years,text,urn:oid:2.16.840.1.113883.6.238,2186-5,Not Hispanic or Latino,Not Hispanic or Latino,Scott935 Osinski784,M,Hudson,Massachusetts,US,44.8831172360959,http://standardhealthrecord.org/fhir/StructureDefinition/passportNumber,X3878422X,http://terminology.hl7.org/CodeSystem/v2-0203,PPN,Passport Number,Passport Number,official,Farrell962,phone,555-326-4619,home,male,1975-02-20,http://hl7.org/fhir/StructureDefinition/geolocation,longitude,-71.07222103627097,Stoughton,MA,US,http://terminology.hl7.org/CodeSystem/v3-MaritalStatus,M,M,M,False,urn:ietf:bcp:47,en-US,English,English
Patient,cf3ce382-cceb-1557-89ac-b751a9e0e65d,generated,"<div xmlns=""http://www.w3.org/1999/xhtml"">Generated by <a href=""https://github.com/synthetichealth/synthea"">Synthea</a>.Version identifier: master-branch-latest
 .   Person seed: 3778964206821866519  Population seed: 13235</div>",http://synthetichealth.github.io/synthea/quality-adjusted-life-years,text,urn:oid:2.16.840.1.113883.6.238,2186-5,Not Hispanic or Latino,Not Hispanic or Latino,Verdell500 Skiles927,F,Taunton,Massachusetts,US,65.60347553364741,http://standardhealthrecord.org/fhir/StructureDefinition/passportNumber,X85172174X,http://terminology.hl7.org/CodeSystem/v2-0203,PPN,Passport Number,Passport Number,maiden,Weissnat378,phone,555-665-1433,home,female,1951-05-04,http://hl7.org/fhir/StructureDefinition/geolocation,longitude,-70.77372072758106,Carver,MA,US,http://terminology.hl7.org/CodeSystem/v3-MaritalStatus,M,M,M,False,urn:ietf:bcp:47,en-US,English,English
Patient,1ba50d39-8105-69de-09de-c6d5358b3cb6,generated,"<div xmlns=""http://www.w3.org/1999/xhtml"">Generated by <a href=""https://github.com/synthetichealth/synthea"">Synthea</a>.Version identifier: master-branch-latest
 .   Person seed: -6437387178216595577  Population seed: 13235</div>",http://synthetichealth.github.io/synthea/quality-adjusted-life-years,text,urn:oid:2.16.840.1.113883.6.238,2186-5,Not Hispanic or Latino,Not Hispanic or Latino,Andree11 Stroman228,F,Yarmouth,Massachusetts,US,45.93979991660554,http://standardhealthrecord.org/fhir/StructureDefinition/passportNumber,X49053901X,http://terminology.hl7.org/CodeSystem/v2-0203,PPN,Passport Number,Passport Number,maiden,Casper496,phone,555-662-1542,home,female,1974-03-12,http://hl7.org/fhir/StructureDefinition/geolocation,longitude,-71.19658276267133,Arlington,MA,02476,US,http://terminology.hl7.org/CodeSystem/v3-MaritalStatus,M,M,M,False,urn:ietf:bcp:47,en-US,English,English
Patient,b0f40536-9dc8-2ea0-0bbf-467a69f5e3ad,generated,"<div xmlns=""http://www.w3.org/1999/xhtml"">Generated by <a href=""https://github.com/synthetichealth/synthea"">Synthea</a>.Version identifier: master-branch-latest
 .   Person seed: -7747482191042958240  Population seed: 13235</div>",http://synthetichealth.github.io/synthea/quality-adjusted-life-years,text,urn:oid:2.16.840.1.113883.6.238,2135-2,Hispanic or Latino,Hispanic or Latino,May125 Morissette863,F,Somerset,Massachusetts,US,60.04328821207886,http://standardhealthrecord.org/fhir/StructureDefinition/passportNumber,X2718076X,http://terminology.hl7.org/CodeSystem/v2-0203,PPN,Passport Number,Passport Number,maiden,Rutherford999,phone,555-884-9015,home,female,1956-11-05,http://hl7.org/fhir/StructureDefinition/geolocation,longitude,-71.2273686727016,Waltham,MA,US,http://terminology.hl7.org/CodeSystem/v3-MaritalStatus,M,M,M,False,urn:ietf:bcp:47,en-US,English,English
Patient,6a15a792-ed41-e1f3-b942-3c2bd4a01ad6,generated,"<div xmlns=""http://www.w3.org/1999/xhtml"">Generated by <a href=""https://github.com/synthetichealth/synthea"">Synthea</a>.Version identifier: master-branch-latest
 .   Person seed: -7155272006672802470  Population seed: 13235</div>",http://synthetichealth.github.io/synthea/quality-adjusted-life-years,text,urn:oid:2.16.840.1.113883.6.238,2186-5,Not Hispanic or Latino,Not Hispanic or Latino,Lili474 Windler79,M,Worcester,Massachusetts,US,8.691017387885069,http://hl7.org/fhir/sid/us-ssn,999-41-9135,http://terminology.hl7.org/CodeSystem/v2-0203,SS,Social Security Number,Social Security Number,official,Lesch175,phone,555-871-4223,home,male,2010-01-09,http://hl7.org/fhir/StructureDefinition/geolocation,longitude,-70.24618741425472,West Yarmouth,MA,02673,US,http://terminology.hl7.org/CodeSystem/v3-MaritalStatus,S,Never Married,Never Married,False,urn:ietf:bcp:47,en-US,English,English
Patient,bdb76eef-1faf-1ed7-d1ff-553d7df26fb3,generated,"<div xmlns=""http://www.w3.org/1999/xhtml"">Generated by <a href=""https://github.com/synthetichealth/synthea"">Synthea</a>.Version identifier: master-branch-latest
 .   Person seed: -8801995125867235462  Population seed: 13235</div>",http://synthetichealth.github.io/synthea/quality-adjusted-life-years,text,urn:oid:2.16.840.1.113883.6.238,2186-5,Not Hispanic or Latino,Not Hispanic or Latino,Cicely661 Haley279,F,Boston,Massachusetts,US,58.46808053315924,http://standardhealthrecord.org/fhir/StructureDefinition/passportNumber,X18021555X,http://terminology.hl7.org/CodeSystem/v2-0203,PPN,Passport Number,Passport Number,official,Volkman526,phone,555-136-2338,home,female,1960-07-07,http://hl7.org/fhir/StructureDefinition/geolocation,longitude,-71.62678295874666,Lancaster,MA,US,http://terminology.hl7.org/CodeSystem/v3-MaritalStatus,S,S,S,False,urn:ietf:bcp:47,en-US,English,English
Patient,8a3247d3-a54c-43f2-2c5d-a8f5e28ff588,generated,"<div xmlns=""http://www.w3.org/1999/xhtml"">Generated by <a href=""https://github.com/synthetichealth/synthea"">Synthea</a>.Version identifier: master-branch-latest
 .   Person seed: 191476322056362502  Population seed: 13235</div>",http://synthetichealth.github.io/synthea/quality-adjusted-life-years,text,urn:oid:2.16.840.1.113883.6.238,2186-5,Not Hispanic or Latino,Not Hispanic or Latino,Yvonne357 Schmidt332,M,Newton,Massachusetts,US,34.931562901215585,http://standardhealthrecord.org/fhir/StructureDefinition/passportNumber,X68181762X,http://terminology.hl7.org/CodeSystem/v2-0203,PPN,Passport Number,Passport Number,official,Littel644,phone,555-136-4712,home,male,1974-10-12,http://hl7.org/fhir/StructureDefinition/geolocation,longitude,-71.19424048780724,Lawrence,MA,01843,US,http://terminology.hl7.org/CodeSystem/v3-MaritalStatus,M,M,M,False,urn:ietf:bcp:47,en-US,English,English
Patient,7b3071eb-aacb-0596-d7b5-4abcb83ac2f0,generated,"<div xmlns=""http://www.w3.org/1999/xhtml"">Generated by <a href=""https://github.com/synthetichealth/synthea"">Synthea</a>.Version identifier: master-branch-latest
 .   Person seed: -8312461470808950563  Population seed: 13235</div>",http://synthetichealth.github.io/synthea/quality-adjusted-life-years,text,urn:oid:2.16.840.1.113883.6.238,2186-5,Not Hispanic or Latino,Not Hispanic or Latino,Mitsue965 Hackett68,M,Amherst,Massachusetts,US,41.450772459380296,http://standardhealthrecord.org/fhir/StructureDefinition/passportNumber,X78500050X,http://terminology.hl7.org/CodeSystem/v2-0203,PPN,Passport Number,Passport Number,official,Jerde200,phone,555-103-6796,home,male,1978-01-07,http://hl7.org/fhir/StructureDefinition/geolocation,longitude,-71.22708780918008,Needham,MA,US,http://terminology.hl7.org/CodeSystem/v3-MaritalStatus,S,S,S,False,urn:ietf:bcp:47,en-US,English,English
Patient,ac00ac90-9af7-5b4f-aca4-8b1b9990fc1a,generated,"<div xmlns=""http://www.w3.org/1999/xhtml"">Generated by <a href=""https://github.com/synthetichealth/synthea"">Synthea</a>.Version identifier: master-branch-latest
 .   Person seed: 8876239049500463936  Population seed: 13235</div>",http://synthetichealth.github.io/synthea/quality-adjusted-life-years,text,urn:oid:2.16.840.1.113883.6.238,2186-5,Not Hispanic or Latino,Not Hispanic or Latino,Sharita792 Metz686,F,Swansea,Massachusetts,US,19.713748799639248,http://standardhealthrecord.org/fhir/StructureDefinition/passportNumber,X7797404X,http://terminology.hl7.org/CodeSystem/v2-0203,PPN,Passport Number,Passport Number,official,Hayes766,phone,555-425-6567,home,female,2000-10-29,http://hl7.org/fhir/StructureDefinition/geolocation,longitude,-70.60167172338315,Pocasset,MA,02559,US,http://terminology.hl7.org/CodeSystem/v3-MaritalStatus,S,Never Married,Never Married,False,urn:ietf:bcp:47,en-US,English,English
Patient,6dcdc387-88f9-758d-260c-4235ac7c269f,generated,"<div xmlns=""http://www.w3.org/1999/xhtml"">Generated by <a href=""https://github.com/synthetichealth/synthea"">Synthea</a>.Version identifier: master-branch-latest
 .   Person seed: -8346670158184728043  Population seed: 13235</div>",http://synthetichealth.github.io/synthea/quality-adjusted-life-years,text,urn:oid:2.16.840.1.113883.6.238,2186-5,Not Hispanic or Latino,Not Hispanic or Latino,Nora0 Dietrich576,F,Uxbridge,Massachusetts,US,55.799567870061544,http://standardhealthrecord.org/fhir/StructureDefinition/passportNumber,X8539782X,http://terminology.hl7.org/CodeSystem/v2-0203,PPN,Passport Number,Passport Number,maiden,Schamberger479,phone,555-567-4343,home,female,1947-10-01,http://hl7.org/fhir/StructureDefinition/geolocation,longitude,-71.72235025005307,Grafton,MA,US,http://terminology.hl7.org/CodeSystem/v3-MaritalStatus,M,M,M,2,urn:ietf:bcp:47,en-US,English,English
Patient,839e7cf9-b7d6-da6c-70bb-c151bf5c1c61,generated,"<div xmlns=""http://www.w3.org/1999/xhtml"">Generated by <a href=""https://github.com/synthetichealth/synthea"">Synthea</a>.Version identifier: master-branch-latest
 .   Person seed: -528455186906911448  Population seed: 13235</div>",http://synthetichealth.github.io/synthea/quality-adjusted-life-years,text,urn:oid:2.16.840.1.113883.6.238,2186-5,Not Hispanic or Latino,Not Hispanic or Latino,Annamarie398 Fay398,F,Brockton,Massachusetts,US,34.97322721393947,http://standardhealthrecord.org/fhir/StructureDefinition/passportNumber,X70094895X,http://terminology.hl7.org/CodeSystem/v2-0203,PPN,Passport Number,Passport Number,maiden,Rau926,phone,555-731-9882,home,female,1985-05-02,http://hl7.org/fhir/StructureDefinition/geolocation,longitude,-70.51716495752923,Forestdale,MA,02644,US,http://terminology.hl7.org/CodeSystem/v3-MaritalStatus,M,M,M,False,urn:ietf:bcp:47,en-US,English,English
Patient,d8cb2b2b-fee1-36de-2e1e-0fda2ed1d991,generated,"<div xmlns=""http://www.w3.org/1999/xhtml"">Generated by <a href=""https://github.com/synthetichealth/synthea"">Synthea</a>.Version identifier: master-branch-latest
 .   Person seed: -3325609644095720218  Population seed: 13235</div>",http://synthetichealth.github.io/synthea/quality-adjusted-life-years,text,urn:oid:2.16.840.1.113883.6.238,2186-5,Not Hispanic or Latino,Not Hispanic or Latino,Wai719 McCullough561,M,Mansfield Center,Massachusetts,US,86.71179581811766,http://standardhealthrecord.org/fhir/StructureDefinition/passportNumber,X82162082X,http://terminology.hl7.org/CodeSystem/v2-0203,PPN,Passport Number,Passport Number,official,Kassulke119,phone,555-777-8307,home,male,1913-10-05,2004-01-18T09:05:51+00:00,http://hl7.org/fhir/StructureDefinition/geolocation,longitude,-71.10458402007241,Medford,MA,02155,US,http://terminology.hl7.org/CodeSystem/v3-MaritalStatus,M,M,M,False,urn:ietf:bcp:47,en-US,English,English
Patient,e94401de-18ad-e190-9113-ee5ff31b1439,generated,"<div xmlns=""http://www.w3.org/1999/xhtml"">Generated by <a href=""https://github.com/synthetichealth/synthea"">Synthea</a>.Version identifier: master-branch-latest
 .   Person seed: -5164802878636449402  Population seed: 13235</div>",http://synthetichealth.github.io/synthea/quality-adjusted-life-years,text,urn:oid:2.16.840.1.113883.6.238,2186-5,Not Hispanic or Latino,Not Hispanic or Latino,Sherill945 Abernathy524,F,Winchendon,Massachusetts,US,55.404390158174124,http://standardhealthrecord.org/fhir/StructureDefinition/passportNumber,X86841029X,http://terminology.hl7.org/CodeSystem/v2-0203,PPN,Passport Number,Passport Number,maiden,Stoltenberg489,phone,555-635-6296,home,female,1956-07-06,http://hl7.org/fhir/StructureDefinition/geolocation,longitude,-71.17607413915033,Lexington,MA,02420,US,http://terminology.hl7.org/CodeSystem/v3-MaritalStatus,M,M,M,False,urn:ietf:bcp:47,en-US,English,English
Patient,e9200276-eb25-ac87-e3bf-31de7e8d0b1e,generated,"<div xmlns=""http://www.w3.org/1999/xhtml"">Generated by <a href=""https://github.com/synthetichealth/synthea"">Synthea</a>.Version identifier: master-branch-latest
 .   Person seed: 1470626381910294712  Population seed: 13235</div>",http://synthetichealth.github.io/synthea/quality-adjusted-life-years,text,urn:oid:2.16.840.1.113883.6.238,2186-5,Not Hispanic or Latino,Not Hispanic or Latino,Estefana715 Gusikowski974,F,Springfield,Massachusetts,US,1.0,http://hl7.org/fhir/sid/us-ssn,999-57-6801,http://terminology.hl7.org/CodeSystem/v2-0203,SS,Social Security Number,Social Security Number,official,Ledner144,phone,555-811-6629,home,female,2019-12-28,http://hl7.org/fhir/StructureDefinition/geolocation,longitude,-70.59658874397518,Falmouth,MA,US,http://terminology.hl7.org/CodeSystem/v3-MaritalStatus,S,Never Married,Never Married,False,urn:ietf:bcp:47,en-US,English,English
Patient,0d55a582-07fe-a897-776c-3ab5e48cd457,generated,"<div xmlns=""http://www.w3.org/1999/xhtml"">Generated by <a href=""https://github.com/synthetichealth/synthea"">Synthea</a>.Version identifier: master-branch-latest
 .   Person seed: -1693120435633439770  Population seed: 13235</div>",http://synthetichealth.github.io/synthea/quality-adjusted-life-years,text,urn:oid:2.16.840.1.113883.6.238,2186-5,Not Hispanic or Latino,Not Hispanic or Latino,Shaniqua618 Hartmann983,F,Webster,Massachusetts,US,45.16202019269128,http://standardhealthrecord.org/fhir/StructureDefinition/passportNumber,X4871961X,http://terminology.hl7.org/CodeSystem/v2-0203,PPN,Passport Number,Passport Number,official,Hahn503,phone,555-571-7714,home,female,1960-07-10,http://hl7.org/fhir/StructureDefinition/geolocation,longitude,-72.59305542210222,Chicopee,MA,01022,US,http://terminology.hl7.org/CodeSystem/v3-MaritalStatus,S,S,S,False,urn:ietf:bcp:47,en-US,English,English
Patient,0d7ad451-ac1b-dc0e-48bd-e0a8e1de4f15,generated,"<div xmlns=""http://www.w3.org/1999/xhtml"">Generated by <a href=""https://github.com/synthetichealth/synthea"">Synthea</a>.Version identifier: master-branch-latest
 .   Person seed: -8649015456395345134  Population seed: 13235</div>",http://synthetichealth.github.io/synthea/quality-adjusted-life-years,text,urn:oid:2.16.840.1.113883.6.238,2186-5,Not Hispanic or Latino,Not Hispanic or Latino,Yolonda722 McClure239,M,Rockland,Massachusetts,US,97.73923116865848,http://standardhealthrecord.org/fhir/StructureDefinition/passportNumber,X57788101X,http://terminology.hl7.org/CodeSystem/v2-0203,PPN,Passport Number,Passport Number,official,Haley279,phone,555-893-4758,home,male,1912-05-06,2016-12-19T19:14:50+00:00,http://hl7.org/fhir/StructureDefinition/geolocation,longitude,-72.53880257411566,Springfield,MA,01109,US,http://terminology.hl7.org/CodeSystem/v3-MaritalStatus,M,M,M,False,urn:ietf:bcp:47,en-US,English,English
Patient,3d496c42-21f9-8e42-aa2b-d021a1b79d46,generated,"<div xmlns=""http://www.w3.org/1999/xhtml"">Generated by <a href=""https://github.com/synthetichealth/synthea"">Synthea</a>.Version identifier: master-branch-latest
 .   Person seed: -5721810205211255682  Population seed: 13235</div>",http://synthetichealth.github.io/synthea/quality-adjusted-life-years,text,urn:oid:2.16.840.1.113883.6.238,2186-5,Not Hispanic or Latino,Not Hispanic or Latino,Rolanda823 Crooks415,M,Grafton,Massachusetts,US,45.94570177645587,http://standardhealthrecord.org/fhir/StructureDefinition/passportNumber,X59280082X,http://terminology.hl7.org/CodeSystem/v2-0203,PPN,Passport Number,Passport Number,official,Glover433,phone,555-232-6974,home,male,1974-04-05,http://hl7.org/fhir/StructureDefinition/geolocation,longitude,-72.58551137498532,Chicopee,MA,US,http://terminology.hl7.org/CodeSystem/v3-MaritalStatus,M,M,M,False,urn:ietf:bcp:47,en-US,English,English
Patient,720d476c-6392-bc86-3640-bf2ee18d071a,generated,"<div xmlns=""http://www.w3.org/1999/xhtml"">Generated by <a href=""https://github.com/synthetichealth/synthea"">Synthea</a>.Version identifier: master-branch-latest
 .   Person seed: 452987641583606106  Population seed: 13235</div>",http://synthetichealth.github.io/synthea/quality-adjusted-life-years,text,urn:oid:2.16.840.1.113883.6.238,2135-2,Hispanic or Latino,Hispanic or Latino,Carolina179 Garica503,M,Santo Domingo,National District,DO,61.88826521386738,http://standardhealthrecord.org/fhir/StructureDefinition/passportNumber,X10670804X,http://terminology.hl7.org/CodeSystem/v2-0203,PPN,Passport Number,Passport Number,official,Bañuelos542,phone,555-765-6859,home,male,1929-10-21,1996-06-30T22:46:48+01:00,http://hl7.org/fhir/StructureDefinition/geolocation,longitude,-71.14194494830856,Boston,MA,02116,US,http://terminology.hl7.org/CodeSystem/v3-MaritalStatus,M,M,M,False,urn:ietf:bcp:47,es,Spanish,Spanish
Patient,09e292d4-f186-331c-ed95-c503acabc54e,generated,"<div xmlns=""http://www.w3.org/1999/xhtml"">Generated by <a href=""https://github.com/synthetichealth/synthea"">Synthea</a>.Version identifier: master-branch-latest
 .   Person seed: -7777459329289807668  Population seed: 13235</div>",http://synthetichealth.github.io/synthea/quality-adjusted-life-years,text,urn:oid:2.16.840.1.113883.6.238,2186-5,Not Hispanic or Latino,Not Hispanic or Latino,Julie245 Watsica258,M,Falmouth,Massachusetts,US,19.996044007674104,http://standardhealthrecord.org/fhir/StructureDefinition/passportNumber,X55062132X,http://terminology.hl7.org/CodeSystem/v2-0203,PPN,Passport Number,Passport Number,official,Windler79,phone,555-425-8155,home,male,1913-02-23,1934-01-15T13:15:01+00:00,http://hl7.org/fhir/StructureDefinition/geolocation,longitude,-71.9459773823295,Gardner,MA,01440,US,http://terminology.hl7.org/CodeSystem/v3-MaritalStatus,S,Never Married,Never Married,False,urn:ietf:bcp:47,en-US,English,English
Patient,35b42dc6-fcb1-4a74-1d90-4213afe5b285,generated,"<div xmlns=""http://www.w3.org/1999/xhtml"">Generated by <a href=""https://github.com/synthetichealth/synthea"">Synthea</a>.Version identifier: master-branch-latest
 .   Person seed: -2404056864781452261  Population seed: 13235</div>",http://synthetichealth.github.io/synthea/quality-adjusted-life-years,text,urn:oid:2.16.840.1.113883.6.238,2186-5,Not Hispanic or Latino,Not Hispanic or Latino,Jeanie708 Gislason620,M,Framingham,Massachusetts,US,4.997857262336767,http://hl7.org/fhir/sid/us-ssn,999-97-2162,http://terminology.hl7.org/CodeSystem/v2-0203,SS,Social Security Number,Social Security Number,official,Ritchie586,phone,555-356-7633,home,male,2015-03-28,http://hl7.org/fhir/StructureDefinition/geolocation,longitude,-71.23761010397841,Walpole,MA,02081,US,http://terminology.hl7.org/CodeSystem/v3-MaritalStatus,S,Never Married,Never Married,False,urn:ietf:bcp:47,en-US,English,English
Patient,3635f0e6-d517-43f9-c4b2-61ea16a60fa3,generated,"<div xmlns=""http://www.w3.org/1999/xhtml"">Generated by <a href=""https://github.com/synthetichealth/synthea"">Synthea</a>.Version identifier: master-branch-latest
 .   Person seed: 5858523655264719517  Population seed: 13235</div>",http://synthetichealth.github.io/synthea/quality-adjusted-life-years,text,urn:oid:2.16.840.1.113883.6.238,2186-5,Not Hispanic or Latino,Not Hispanic or Latino,Leticia253 Hoeger474,M,Waltham,Massachusetts,US,52.94670453098033,http://standardhealthrecord.org/fhir/StructureDefinition/passportNumber,X14472279X,http://terminology.hl7.org/CodeSystem/v2-0203,PPN,Passport Number,Passport Number,official,Fahey393,phone,555-704-6787,home,male,1967-08-16,http://hl7.org/fhir/StructureDefinition/geolocation,longitude,-70.85362193977879,Mattapoisett,MA,US,http://terminology.hl7.org/CodeSystem/v3-MaritalStatus,M,M,M,False,urn:ietf:bcp:47,en-US,English,English
Patient,9ce2b3c9-0f19-e01b-d789-5cb0609583e6,generated,"<div xmlns=""http://www.w3.org/1999/xhtml"">Generated by <a href=""https://github.com/synthetichealth/synthea"">Synthea</a>.Version identifier: master-branch-latest
 .   Person seed: 1080422533239316120  Population seed: 13235</div>",http://synthetichealth.github.io/synthea/quality-adjusted-life-years,text,urn:oid:2.16.840.1.113883.6.238,2186-5,Not Hispanic or Latino,Not Hispanic or Latino,Vanita165 Kuhic920,M,Revere,Massachusetts,US,15.998869716478316,urn:oid:2.16.840.1.113883.4.3.25,S99955400,http://terminology.hl7.org/CodeSystem/v2-0203,DL,Driver's License,Driver's License,official,Fritsch593,phone,555-871-2672,home,male,2004-10-07,http://hl7.org/fhir/StructureDefinition/geolocation,longitude,-70.93340055887225,New Bedford,MA,02746,US,http://terminology.hl7.org/CodeSystem/v3-MaritalStatus,S,Never Married,Never Married,False,urn:ietf:bcp:47,en-US,English,English
Patient,e7ffd26a-48e5-f10e-5565-2f4e8b09ee45,generated,"<div xmlns=""http://www.w3.org/1999/xhtml"">Generated by <a href=""https://github.com/synthetichealth/synthea"">Synthea</a>.Version identifier: master-branch-latest
 .   Person seed: 6892487939010738660  Population seed: 13235</div>",http://synthetichealth.github.io/synthea/quality-adjusted-life-years,text,urn:oid:2.16.840.1.113883.6.238,2186-5,Not Hispanic or Latino,Not Hispanic or Latino,Dian810 Yundt842,M,Reading,Massachusetts,US,54.57421254319568,http://standardhealthrecord.org/fhir/StructureDefinition/passportNumber,X80707913X,http://terminology.hl7.org/CodeSystem/v2-0203,PPN,Passport Number,Passport Number,official,Littel644,phone,555-976-8227,home,male,1965-07-07,http://hl7.org/fhir/StructureDefinition/geolocation,longitude,-71.12754033494393,Fall River,MA,02721,US,http://terminology.hl7.org/CodeSystem/v3-MaritalStatus,M,M,M,False,urn:ietf:bcp:47,en-US,English,English
Patient,a57f2290-27ed-6117-2989-f42ef6d291ab,generated,"<div xmlns=""http://www.w3.org/1999/xhtml"">Generated by <a href=""https://github.com/synthetichealth/synthea"">Synthea</a>.Version identifier: master-branch-latest
 .   Person seed: -3881288371734852995  Population seed: 13235</div>",http://synthetichealth.github.io/synthea/quality-adjusted-life-years,text,urn:oid:2.16.840.1.113883.6.238,2186-5,Not Hispanic or Latino,Not Hispanic or Latino,Felipa93 Weissnat378,M,East Dennis,Massachusetts,US,73.06701217276904,http://standardhealthrecord.org/fhir/StructureDefinition/passportNumber,X17350234X,http://terminology.hl7.org/CodeSystem/v2-0203,PPN,Passport Number,Passport Number,official,Hintz995,phone,555-511-1204,home,male,1941-03-08,http://hl7.org/fhir/StructureDefinition/geolocation,longitude,-71.10472004791362,Boston,MA,02203,US,http://terminology.hl7.org/CodeSystem/v3-MaritalStatus,M,M,M,False,urn:ietf:bcp:47,en-US,English,English
Patient,2d6c10cf-fade-6e45-0064-674792ff5ef1,generated,"<div xmlns=""http://www.w3.org/1999/xhtml"">Generated by <a href=""https://github.com/synthetichealth/synthea"">Synthea</a>.Version identifier: master-branch-latest
 .   Person seed: -339775253204544082  Population seed: 13235</div>",http://synthetichealth.github.io/synthea/quality-adjusted-life-years,text,urn:oid:2.16.840.1.113883.6.238,2186-5,Not Hispanic or Latino,Not Hispanic or Latino,Carmella421 Swaniawski813,M,Norton,Massachusetts,US,32.52084375926352,http://standardhealthrecord.org/fhir/StructureDefinition/passportNumber,X12668064X,http://terminology.hl7.org/CodeSystem/v2-0203,PPN,Passport Number,Passport Number,official,Grimes165,phone,555-544-7833,home,male,1961-12-19,http://hl7.org/fhir/StructureDefinition/geolocation,longitude,-71.81809894830508,Worcester,MA,01606,US,http://terminology.hl7.org/CodeSystem/v3-MaritalStatus,S,S,S,False,urn:ietf:bcp:47,en-US,English,English
Patient,4cef483d-6b1b-a284-b8fd-1de7f5aba0a4,generated,"<div xmlns=""http://www.w3.org/1999/xhtml"">Generated by <a href=""https://github.com/synthetichealth/synthea"">Synthea</a>.Version identifier: master-branch-latest
 .   Person seed: -1723244669179592783  Population seed: 13235</div>",http://synthetichealth.github.io/synthea/quality-adjusted-life-years,text,urn:oid:2.16.840.1.113883.6.238,2186-5,Not Hispanic or Latino,Not Hispanic or Latino,Tatyana394 Kuhic920,F,Boston,Massachusetts,US,76.86792553345677,http://standardhealthrecord.org/fhir/StructureDefinition/passportNumber,X24146584X,http://terminology.hl7.org/CodeSystem/v2-0203,PPN,Passport Number,Passport Number,official,Champlin946,phone,555-781-3576,home,female,1936-07-09,http://hl7.org/fhir/StructureDefinition/geolocation,longitude,-72.12593704994259,Fiskdale,MA,01518,US,http://terminology.hl7.org/CodeSystem/v3-MaritalStatus,S,S,S,False,urn:ietf:bcp:47,en-US,English,English
Patient,9c02362b-0a48-be5e-7296-e332e383ebd2,generated,"<div xmlns=""http://www.w3.org/1999/xhtml"">Generated by <a href=""https://github.com/synthetichealth/synthea"">Synthea</a>.Version identifier: master-branch-latest
 .   Person seed: -218732764408442805  Population seed: 13235</div>",http://synthetichealth.github.io/synthea/quality-adjusted-life-years,text,urn:oid:2.16.840.1.113883.6.238,2186-5,Not Hispanic or Latino,Not Hispanic or Latino,Ula130 Bernier607,M,Acton,Massachusetts,US,36.884115332570325,http://standardhealthrecord.org/fhir/StructureDefinition/passportNumber,X43252439X,http://terminology.hl7.org/CodeSystem/v2-0203,PPN,Passport Number,Passport Number,official,Hayes766,phone,555-193-6068,home,male,1983-06-24,http://hl7.org/fhir/StructureDefinition/geolocation,longitude,-71.1666791060543,Newton,MA,US,http://terminology.hl7.org/CodeSystem/v3-MaritalStatus,M,M,M,False,urn:ietf:bcp:47,en-US,English,English
Patient,2a0033b8-bd24-be26-eb24-8d6d9616b74f,generated,"<div xmlns=""http://www.w3.org/1999/xhtml"">Generated by <a href=""https://github.com/synthetichealth/synthea"">Synthea</a>.Version identifier: master-branch-latest
 .   Person seed: -325693802402236743  Population seed: 13235</div>",http://synthetichealth.github.io/synthea/quality-adjusted-life-years,text,urn:oid:2.16.840.1.113883.6.238,2186-5,Not Hispanic or Latino,Not Hispanic or Latino,Loretta235 Klocko335,F,Hong Kong,Hong Kong Special Administrative Region,CN,35.094360198285166,http://standardhealthrecord.org/fhir/StructureDefinition/passportNumber,X42066618X,http://terminology.hl7.org/CodeSystem/v2-0203,PPN,Passport Number,Passport Number,maiden,Torp761,phone,555-776-7787,home,female,1984-12-04,http://hl7.org/fhir/StructureDefinition/geolocation,longitude,-70.83595574605134,Beverly,MA,01915,US,http://terminology.hl7.org/CodeSystem/v3-MaritalStatus,M,M,M,False,urn:ietf:bcp:47,zh,Chinese,Chinese
Patient,fae4f7e3-622f-290c-068f-6d03e71dd5c9,generated,"<div xmlns=""http://www.w3.org/1999/xhtml"">Generated by <a href=""https://github.com/synthetichealth/synthea"">Synthea</a>.Version identifier: master-branch-latest
 .   Person seed: -8844937519789792893  Population seed: 13235</div>",http://synthetichealth.github.io/synthea/quality-adjusted-life-years,text,urn:oid:2.16.840.1.113883.6.238,2186-5,Not Hispanic or Latino,Not Hispanic or Latino,Maris768 Beer512,M,Dartmouth,Massachusetts,US,18.75664771341967,http://standardhealthrecord.org/fhir/StructureDefinition/passportNumber,X38408123X,http://terminology.hl7.org/CodeSystem/v2-0203,PPN,Passport Number,Passport Number,official,Weber641,phone,555-383-8590,home,male,1997-11-17,http://hl7.org/fhir/StructureDefinition/geolocation,longitude,-71.17015570287563,Lawrence,MA,01843,US,http://terminology.hl7.org/CodeSystem/v3-MaritalStatus,S,Never Married,Never Married,False,urn:ietf:bcp:47,en-US,English,English
Patient,9ebde11e-7248-e63c-25f9-4b793c3a5065,generated,"<div xmlns=""http://www.w3.org/1999/xhtml"">Generated by <a href=""https://github.com/synthetichealth/synthea"">Synthea</a>.Version identifier: master-branch-latest
 .   Person seed: 2219778426391485711  Population seed: 13235</div>",http://synthetichealth.github.io/synthea/quality-adjusted-life-years,text,urn:oid:2.16.840.1.113883.6.238,2186-5,Not Hispanic or Latino,Not Hispanic or Latino,Brinda322 Glover433,F,Waltham,Massachusetts,US,22.991029992876335,http://standardhealthrecord.org/fhir/StructureDefinition/passportNumber,X69950630X,http://terminology.hl7.org/CodeSystem/v2-0203,PPN,Passport Number,Passport Number,official,Nikolaus26,phone,555-264-2183,home,female,1997-08-27,http://hl7.org/fhir/StructureDefinition/geolocation,longitude,-71.07665525614624,Medford,MA,02155,US,http://terminology.hl7.org/CodeSystem/v3-MaritalStatus,S,Never Married,Never Married,False,urn:ietf:bcp:47,en-US,English,English
Patient,46b22d89-fe1a-3cf7-7ecb-b16c7390103f,generated,"<div xmlns=""http://www.w3.org/1999/xhtml"">Generated by <a href=""https://github.com/synthetichealth/synthea"">Synthea</a>.Version identifier: master-branch-latest
 .   Person seed: -4490623587330041162  Population seed: 13235</div>",http://synthetichealth.github.io/synthea/quality-adjusted-life-years,text,urn:oid:2.16.840.1.113883.6.238,2186-5,Not Hispanic or Latino,Not Hispanic or Latino,Herta650 Satterfield305,F,Taunton,Massachusetts,US,21.98919521943203,http://standardhealthrecord.org/fhir/StructureDefinition/passportNumber,X23539215X,http://terminology.hl7.org/CodeSystem/v2-0203,PPN,Passport Number,Passport Number,official,Strosin214,phone,555-808-2477,home,female,1998-09-25,http://hl7.org/fhir/StructureDefinition/geolocation,longitude,-71.06061532704493,Stoneham,MA,02180,US,http://terminology.hl7.org/CodeSystem/v3-MaritalStatus,S,Never Married,Never Married,False,urn:ietf:bcp:47,en-US,English,English
Patient,37905eb6-a01d-0e34-a274-27ada76d3ccc,generated,"<div xmlns=""http://www.w3.org/1999/xhtml"">Generated by <a href=""https://github.com/synthetichealth/synthea"">Synthea</a>.Version identifier: master-branch-latest
 .   Person seed: 8640159084029688994  Population seed: 13235</div>",http://synthetichealth.github.io/synthea/quality-adjusted-life-years,text,urn:oid:2.16.840.1.113883.6.238,2186-5,Not Hispanic or Latino,Not Hispanic or Latino,Rosalyn434 Harris789,F,Hopkinton,Massachusetts,US,22.891682421366752,http://standardhealthrecord.org/fhir/StructureDefinition/passportNumber,X3980163X,http://terminology.hl7.org/CodeSystem/v2-0203,PPN,Passport Number,Passport Number,official,Gislason620,phone,555-901-2648,home,female,1929-11-14,1953-10-24T17:39:14+00:00,http://hl7.org/fhir/StructureDefinition/geolocation,longitude,-71.1844380042749,Sharon,MA,02067,US,http://terminology.hl7.org/CodeSystem/v3-MaritalStatus,S,Never Married,Never Married,False,urn:ietf:bcp:47,en-US,English,English
Patient,b0bccf43-3bf5-217c-7315-9e44d106bb6b,generated,"<div xmlns=""http://www.w3.org/1999/xhtml"">Generated by <a href=""https://github.com/synthetichealth/synthea"">Synthea</a>.Version identifier: master-branch-latest
 .   Person seed: -2698217957582933268  Population seed: 13235</div>",http://synthetichealth.github.io/synthea/quality-adjusted-life-years,text,urn:oid:2.16.840.1.113883.6.238,2186-5,Not Hispanic or Latino,Not Hispanic or Latino,Phebe144 O'Kon634,F,Salem,Massachusetts,US,30.964773274670755,http://standardhealthrecord.org/fhir/StructureDefinition/passportNumber,X71072962X,http://terminology.hl7.org/CodeSystem/v2-0203,PPN,Passport Number,Passport Number,maiden,Wehner319,phone,555-127-9713,home,female,1989-03-10,http://hl7.org/fhir/StructureDefinition/geolocation,longitude,-71.19975878428698,Tewksbury,MA,US,http://terminology.hl7.org/CodeSystem/v3-MaritalStatus,M,M,M,False,urn:ietf:bcp:47,en-US,English,English
Patient,f8e9efe2-62db-29a2-46be-c72bad056ca8,generated,"<div xmlns=""http://www.w3.org/1999/xhtml"">Generated by <a href=""https://github.com/synthetichealth/synthea"">Synthea</a>.Version identifier: master-branch-latest
 .   Person seed: 8013168480577713435  Population seed: 13235</div>",http://synthetichealth.github.io/synthea/quality-adjusted-life-years,text,urn:oid:2.16.840.1.113883.6.238,2186-5,Not Hispanic or Latino,Not Hispanic or Latino,Rene434 Barton704,F,Malden,Massachusetts,US,32.525130448277196,http://standardhealthrecord.org/fhir/StructureDefinition/passportNumber,X87064068X,http://terminology.hl7.org/CodeSystem/v2-0203,PPN,Passport Number,Passport Number,maiden,Glover433,phone,555-546-2848,home,female,1964-12-22,http://hl7.org/fhir/StructureDefinition/geolocation,longitude,-71.42929974046862,Bellingham,MA,US,http://terminology.hl7.org/CodeSystem/v3-MaritalStatus,M,M,M,False,urn:ietf:bcp:47,en-US,English,English
Patient,5310622a-3368-34f0-c14a-b992c71e7d59,generated,"<div xmlns=""http://www.w3.org/1999/xhtml"">Generated by <a href=""https://github.com/synthetichealth/synthea"">Synthea</a>.Version identifier: master-branch-latest
 .   Person seed: 5103898319338785606  Population seed: 13235</div>",http://synthetichealth.github.io/synthea/quality-adjusted-life-years,text,urn:oid:2.16.840.1.113883.6.238,2186-5,Not Hispanic or Latino,Not Hispanic or Latino,Celena734 Crooks415,F,Longmeadow,Massachusetts,US,49.90578715798721,http://standardhealthrecord.org/fhir/StructureDefinition/passportNumber,X88280356X,http://terminology.hl7.org/CodeSystem/v2-0203,PPN,Passport Number,Passport Number,maiden,Kuhic920,phone,555-916-9447,home,female,1970-02-05,http://hl7.org/fhir/StructureDefinition/geolocation,longitude,-70.02783058532793,Harwich,MA,US,http://terminology.hl7.org/CodeSystem/v3-MaritalStatus,M,M,M,False,urn:ietf:bcp:47,en-US,English,English
Patient,67ae02d5-002b-6bba-1854-642eba13aa0f,generated,"<div xmlns=""http://www.w3.org/1999/xhtml"">Generated by <a href=""https://github.com/synthetichealth/synthea"">Synthea</a>.Version identifier: master-branch-latest
 .   Person seed: -7458576755176969148  Population seed: 13235</div>",http://synthetichealth.github.io/synthea/quality-adjusted-life-years,text,urn:oid:2.16.840.1.113883.6.238,2186-5,Not Hispanic or Latino,Not Hispanic or Latino,Kimberely738 Rohan584,F,Foxborough,Massachusetts,US,30.63572927702036,http://standardhealthrecord.org/fhir/StructureDefinition/passportNumber,X4040328X,http://terminology.hl7.org/CodeSystem/v2-0203,PPN,Passport Number,Passport Number,maiden,Schroeder447,phone,555-957-6483,home,female,1989-05-30,http://hl7.org/fhir/StructureDefinition/geolocation,longitude,-71.30929676777367,Wellesley,MA,02457,US,http://terminology.hl7.org/CodeSystem/v3-MaritalStatus,M,M,M,False,urn:ietf:bcp:47,en-US,English,English
Patient,10bf6da8-ffa1-6913-a119-726634be754c,generated,"<div xmlns=""http://www.w3.org/1999/xhtml"">Generated by <a href=""https://github.com/synthetichealth/synthea"">Synthea</a>.Version identifier: master-branch-latest
 .   Person seed: -4039134744769246809  Population seed: 13235</div>",http://synthetichealth.github.io/synthea/quality-adjusted-life-years,text,urn:oid:2.16.840.1.113883.6.238,2186-5,Not Hispanic or Latino,Not Hispanic or Latino,Georgann131 Gaylord332,M,Amherst,Massachusetts,US,73.86027216285976,http://standardhealthrecord.org/fhir/StructureDefinition/passportNumber,X88476867X,http://terminology.hl7.org/CodeSystem/v2-0203,PPN,Passport Number,Passport Number,official,Schuppe920,phone,555-294-9369,home,male,1946-12-13,http://hl7.org/fhir/StructureDefinition/geolocation,longitude,-71.09557158990597,Taunton,MA,US,http://terminology.hl7.org/CodeSystem/v3-MaritalStatus,M,M,M,3,urn:ietf:bcp:47,en-US,English,English
Patient,718f37a0-cb8f-fb74-03d3-c242033e7a81,generated,"<div xmlns=""http://www.w3.org/1999/xhtml"">Generated by <a href=""https://github.com/synthetichealth/synthea"">Synthea</a>.Version identifier: master-branch-latest
 .   Person seed: 7823381537358635790  Population seed: 13235</div>",http://synthetichealth.github.io/synthea/quality-adjusted-life-years,text,urn:oid:2.16.840.1.113883.6.238,2186-5,Not Hispanic or Latino,Not Hispanic or Latino,Rheba182 Walker122,F,Middleborough,Massachusetts,US,0.0,http://hl7.org/fhir/sid/us-ssn,999-41-1246,http://terminology.hl7.org/CodeSystem/v2-0203,SS,Social Security Number,Social Security Number,official,Rogahn59,phone,555-641-6943,home,female,2020-08-23,http://hl7.org/fhir/StructureDefinition/geolocation,longitude,-71.1918753966277,Waltham,MA,02472,US,http://terminology.hl7.org/CodeSystem/v3-MaritalStatus,S,Never Married,Never Married,False,urn:ietf:bcp:47,en-US,English,English
Patient,aad9d04b-bb30-2f47-d5dd-888b3b7bd831,generated,"<div xmlns=""http://www.w3.org/1999/xhtml"">Generated by <a href=""https://github.com/synthetichealth/synthea"">Synthea</a>.Version identifier: master-branch-latest
 .   Person seed: 899146770662205514  Population seed: 13235</div>",http://synthetichealth.github.io/synthea/quality-adjusted-life-years,text,urn:oid:2.16.840.1.113883.6.238,2186-5,Not Hispanic or Latino,Not Hispanic or Latino,Devona405 Kris249,M,Wellesley,Massachusetts,US,30.91441428390185,http://standardhealthrecord.org/fhir/StructureDefinition/passportNumber,X47828744X,http://terminology.hl7.org/CodeSystem/v2-0203,PPN,Passport Number,Passport Number,official,Fritsch593,phone,555-734-3571,home,male,1967-09-22,1999-06-11T20:03:01+01:00,http://hl7.org/fhir/StructureDefinition/geolocation,longitude,-71.431208373347,Tyngsborough,MA,US,http://terminology.hl7.org/CodeSystem/v3-MaritalStatus,M,M,M,False,urn:ietf:bcp:47,en-US,English,English
Patient,6f1df156-8793-56a0-6df1-570bca4dcc07,generated,"<div xmlns=""http://www.w3.org/1999/xhtml"">Generated by <a href=""https://github.com/synthetichealth/synthea"">Synthea</a>.Version identifier: master-branch-latest
 .   Person seed: 7381405000086753950  Population seed: 13235</div>",http://synthetichealth.github.io/synthea/quality-adjusted-life-years,text,urn:oid:2.16.840.1.113883.6.238,2186-5,Not Hispanic or Latino,Not Hispanic or Latino,Faye439 Cummings51,M,Milton,Massachusetts,US,0.0,http://hl7.org/fhir/sid/us-ssn,999-60-4968,http://terminology.hl7.org/CodeSystem/v2-0203,SS,Social Security Number,Social Security Number,official,Ebert178,phone,555-935-8764,home,male,2020-12-16,http://hl7.org/fhir/StructureDefinition/geolocation,longitude,-71.62204622544071,Pepperell,MA,US,http://terminology.hl7.org/CodeSystem/v3-MaritalStatus,S,Never Married,Never Married,False,urn:ietf:bcp:47,en-US,English,English
Patient,1d2875d4-f60d-df84-d3e1-12dbafa29bd4,generated,"<div xmlns=""http://www.w3.org/1999/xhtml"">Generated by <a href=""https://github.com/synthetichealth/synthea"">Synthea</a>.Version identifier: master-branch-latest
 .   Person seed: -6923664281323875848  Population seed: 13235</div>",http://synthetichealth.github.io/synthea/quality-adjusted-life-years,text,urn:oid:2.16.840.1.113883.6.238,2135-2,Hispanic or Latino,Hispanic or Latino,Darnell564 O'Hara248,F,Medford,Massachusetts,US,61.74686419123803,http://standardhealthrecord.org/fhir/StructureDefinition/passportNumber,X35885072X,http://terminology.hl7.org/CodeSystem/v2-0203,PPN,Passport Number,Passport Number,maiden,Stehr398,phone,555-959-4512,home,female,1950-01-26,2018-07-07T13:58:43+01:00,http://hl7.org/fhir/StructureDefinition/geolocation,longitude,-71.31492796493131,Attleboro,MA,02861,US,http://terminology.hl7.org/CodeSystem/v3-MaritalStatus,M,M,M,False,urn:ietf:bcp:47,en-US,English,English
Patient,126a7e7a-958b-428b-907d-f2aa4fd7236b,generated,"<div xmlns=""http://www.w3.org/1999/xhtml"">Generated by <a href=""https://github.com/synthetichealth/synthea"">Synthea</a>.Version identifier: master-branch-latest
 .   Person seed: 6454069192435457260  Population seed: 13235</div>",http://synthetichealth.github.io/synthea/quality-adjusted-life-years,text,urn:oid:2.16.840.1.113883.6.238,2186-5,Not Hispanic or Latino,Not Hispanic or Latino,Jessia669 Gulgowski816,F,Boston,Massachusetts,US,93.28095135657344,http://standardhealthrecord.org/fhir/StructureDefinition/passportNumber,X58766603X,http://terminology.hl7.org/CodeSystem/v2-0203,PPN,Passport Number,Passport Number,maiden,Rolfson709,phone,555-463-7100,home,female,1919-01-18,http://hl7.org/fhir/StructureDefinition/geolocation,longitude,-71.2835270756704,Needham,MA,02492,US,http://terminology.hl7.org/CodeSystem/v3-MaritalStatus,M,M,M,False,urn:ietf:bcp:47,en-US,English,English
Patient,a8e9746e-f807-bbb1-bdc1-83ade842694d,generated,"<div xmlns=""http://www.w3.org/1999/xhtml"">Generated by <a href=""https://github.com/synthetichealth/synthea"">Synthea</a>.Version identifier: master-branch-latest
 .   Person seed: 3114176374736611903  Population seed: 13235</div>",http://synthetichealth.github.io/synthea/quality-adjusted-life-years,text,urn:oid:2.16.840.1.113883.6.238,2186-5,Not Hispanic or Latino,Not Hispanic or Latino,Portia383 Grant908,F,Wilmington,Massachusetts,US,49.70368564497976,http://standardhealthrecord.org/fhir/StructureDefinition/passportNumber,X25953361X,http://terminology.hl7.org/CodeSystem/v2-0203,PPN,Passport Number,Passport Number,maiden,Kovacek682,phone,555-544-6511,home,female,1961-12-21,http://hl7.org/fhir/StructureDefinition/geolocation,longitude,-69.93363825110897,Chatham,MA,02633,US,http://terminology.hl7.org/CodeSystem/v3-MaritalStatus,M,M,M,False,urn:ietf:bcp:47,en-US,English,English
Patient,98ff843c-4be7-b0aa-cc4f-0462d049ecb8,generated,"<div xmlns=""http://www.w3.org/1999/xhtml"">Generated by <a href=""https://github.com/synthetichealth/synthea"">Synthea</a>.Version identifier: master-branch-latest
 .   Person seed: 5113025082486437067  Population seed: 13235</div>",http://synthetichealth.github.io/synthea/quality-adjusted-life-years,text,urn:oid:2.16.840.1.113883.6.238,2186-5,Not Hispanic or Latino,Not Hispanic or Latino,Nilsa143 Bayer639,M,Fitchburg,Massachusetts,US,17.975525132318527,urn:oid:2.16.840.1.113883.4.3.25,S99934427,http://terminology.hl7.org/CodeSystem/v2-0203,DL,Driver's License,Driver's License,official,Hackett68,phone,555-584-9981,home,male,2002-04-02,http://hl7.org/fhir/StructureDefinition/geolocation,longitude,-70.59021518251488,Falmouth,MA,02540,US,http://terminology.hl7.org/CodeSystem/v3-MaritalStatus,S,Never Married,Never Married,False,urn:ietf:bcp:47,en-US,English,English
Patient,0ae2b985-af6e-485e-f0c5-fe0006c366e3,generated,"<div xmlns=""http://www.w3.org/1999/xhtml"">Generated by <a href=""https://github.com/synthetichealth/synthea"">Synthea</a>.Version identifier: master-branch-latest
 .   Person seed: 8747482277801360797  Population seed: 13235</div>",http://synthetichealth.github.io/synthea/quality-adjusted-life-years,text,urn:oid:2.16.840.1.113883.6.238,2186-5,Not Hispanic or Latino,Not Hispanic or Latino,Antonetta450 Emard19,M,Boston,Massachusetts,US,68.90141832065588,http://standardhealthrecord.org/fhir/StructureDefinition/passportNumber,X5091584X,http://terminology.hl7.org/CodeSystem/v2-0203,PPN,Passport Number,Passport Number,official,Russel238,phone,555-422-6131,home,male,1939-06-01,http://hl7.org/fhir/StructureDefinition/geolocation,longitude,-71.3314708059276,Chelmsford,MA,US,http://terminology.hl7.org/CodeSystem/v3-MaritalStatus,S,S,S,False,urn:ietf:bcp:47,en-US,English,English
Patient,0ae69ba4-c609-45cc-f172-d55bac5df41e,generated,"<div xmlns=""http://www.w3.org/1999/xhtml"">Generated by <a href=""https://github.com/synthetichealth/synthea"">Synthea</a>.Version identifier: master-branch-latest
 .   Person seed: -1408147925196928188  Population seed: 13235</div>",http://synthetichealth.github.io/synthea/quality-adjusted-life-years,text,urn:oid:2.16.840.1.113883.6.238,2186-5,Not Hispanic or Latino,Not Hispanic or Latino,Robbyn526 O'Conner199,M,Boston,Massachusetts,US,8.212405298414753,http://hl7.org/fhir/sid/us-ssn,999-95-5379,http://terminology.hl7.org/CodeSystem/v2-0203,SS,Social Security Number,Social Security Number,official,Wiza601,phone,555-166-3716,home,male,2010-07-10,http://hl7.org/fhir/StructureDefinition/geolocation,longitude,-71.80956347886887,Sterling,MA,US,http://terminology.hl7.org/CodeSystem/v3-MaritalStatus,S,Never Married,Never Married,False,urn:ietf:bcp:47,en-US,English,English
Patient,eb3007ac-5147-73e0-b6ad-20bbe8578a08,generated,"<div xmlns=""http://www.w3.org/1999/xhtml"">Generated by <a href=""https://github.com/synthetichealth/synthea"">Synthea</a>.Version identifier: master-branch-latest
 .   Person seed: -6606793352637518378  Population seed: 13235</div>",http://synthetichealth.github.io/synthea/quality-adjusted-life-years,text,urn:oid:2.16.840.1.113883.6.238,2186-5,Not Hispanic or Latino,Not Hispanic or Latino,Regena252 Bartoletti50,F,Mansfield,Massachusetts,US,14.0,http://hl7.org/fhir/sid/us-ssn,999-57-1326,http://terminology.hl7.org/CodeSystem/v2-0203,SS,Social Security Number,Social Security Number,official,Rath779,phone,555-160-1371,home,female,2006-06-18,http://hl7.org/fhir/StructureDefinition/geolocation,longitude,-71.3341997668575,Weston,MA,US,http://terminology.hl7.org/CodeSystem/v3-MaritalStatus,S,Never Married,Never Married,False,urn:ietf:bcp:47,en-US,English,English
Patient,d3406315-0e5e-e5e3-da71-b3c9802bd004,generated,"<div xmlns=""http://www.w3.org/1999/xhtml"">Generated by <a href=""https://github.com/synthetichealth/synthea"">Synthea</a>.Version identifier: master-branch-latest
 .   Person seed: -109656528644979203  Population seed: 13235</div>",http://synthetichealth.github.io/synthea/quality-adjusted-life-years,text,urn:oid:2.16.840.1.113883.6.238,2186-5,Not Hispanic or Latino,Not Hispanic or Latino,Cathrine584 Nikolaus26,F,Franklin,Massachusetts,US,38.18681168157869,http://standardhealthrecord.org/fhir/StructureDefinition/passportNumber,X12454361X,http://terminology.hl7.org/CodeSystem/v2-0203,PPN,Passport Number,Passport Number,maiden,Tromp100,phone,555-825-8595,home,female,1981-06-16,http://hl7.org/fhir/StructureDefinition/geolocation,longitude,-71.64104528536704,Whitinsville,MA,01588,US,http://terminology.hl7.org/CodeSystem/v3-MaritalStatus,M,M,M,False,urn:ietf:bcp:47,en-US,English,English
Patient,4f0dc4bc-9ada-c8dd-31dc-ffcfbe80e186,generated,"<div xmlns=""http://www.w3.org/1999/xhtml"">Generated by <a href=""https://github.com/synthetichealth/synthea"">Synthea</a>.Version identifier: master-branch-latest
 .   Person seed: 1957872194283631344  Population seed: 13235</div>",http://synthetichealth.github.io/synthea/quality-adjusted-life-years,text,urn:oid:2.16.840.1.113883.6.238,2186-5,Not Hispanic or Latino,Not Hispanic or Latino,Keshia89 Jacobson885,M,Boston,Massachusetts,US,34.72893747041723,http://standardhealthrecord.org/fhir/StructureDefinition/passportNumber,X86872869X,http://terminology.hl7.org/CodeSystem/v2-0203,PPN,Passport Number,Passport Number,official,Turcotte120,phone,555-688-2298,home,male,1941-12-21,1977-05-22T06:48:35+01:00,http://hl7.org/fhir/StructureDefinition/geolocation,longitude,-71.06630738458098,Boston,MA,02131,US,http://terminology.hl7.org/CodeSystem/v3-MaritalStatus,M,M,M,False,urn:ietf:bcp:47,en-US,English,English
Patient,a5ad8c5e-69af-ffe9-4de1-6e099852ff7d,generated,"<div xmlns=""http://www.w3.org/1999/xhtml"">Generated by <a href=""https://github.com/synthetichealth/synthea"">Synthea</a>.Version identifier: master-branch-latest
 .   Person seed: 8359093330675076920  Population seed: 13235</div>",http://synthetichealth.github.io/synthea/quality-adjusted-life-years,text,urn:oid:2.16.840.1.113883.6.238,2186-5,Not Hispanic or Latino,Not Hispanic or Latino,Soledad678 Wilkinson796,M,Brookline,Massachusetts,US,18.0,urn:oid:2.16.840.1.113883.4.3.25,S99971719,http://terminology.hl7.org/CodeSystem/v2-0203,DL,Driver's License,Driver's License,official,Hessel84,phone,555-719-6702,home,male,2002-07-31,http://hl7.org/fhir/StructureDefinition/geolocation,longitude,-70.88299975625358,Marblehead,MA,01945,US,http://terminology.hl7.org/CodeSystem/v3-MaritalStatus,S,Never Married,Never Married,False,urn:ietf:bcp:47,en-US,English,English
Patient,c7eef66d-c5b9-f4da-bf58-550a8077ded6,generated,"<div xmlns=""http://www.w3.org/1999/xhtml"">Generated by <a href=""https://github.com/synthetichealth/synthea"">Synthea</a>.Version identifier: master-branch-latest
 .   Person seed: 4219819027780206780  Population seed: 13235</div>",http://synthetichealth.github.io/synthea/quality-adjusted-life-years,text,urn:oid:2.16.840.1.113883.6.238,2186-5,Not Hispanic or Latino,Not Hispanic or Latino,Danielle72 Legros616,F,Boston,Massachusetts,US,34.996911920423436,http://standardhealthrecord.org/fhir/StructureDefinition/passportNumber,X23458281X,http://terminology.hl7.org/CodeSystem/v2-0203,PPN,Passport Number,Passport Number,maiden,Cassin499,phone,555-731-2982,home,female,1985-06-30,http://hl7.org/fhir/StructureDefinition/geolocation,longitude,-70.91901128590726,Hingham,MA,02043,US,http://terminology.hl7.org/CodeSystem/v3-MaritalStatus,M,M,M,False,urn:ietf:bcp:47,en-US,English,English
Patient,f8c09661-fcd1-eeea-d61e-478109235532,generated,"<div xmlns=""http://www.w3.org/1999/xhtml"">Generated by <a href=""https://github.com/synthetichealth/synthea"">Synthea</a>.Version identifier: master-branch-latest
 .   Person seed: 1296581729296379105  Population seed: 13235</div>",http://synthetichealth.github.io/synthea/quality-adjusted-life-years,text,urn:oid:2.16.840.1.113883.6.238,2186-5,Not Hispanic or Latino,Not Hispanic or Latino,See995 Dibbert990,F,Boston,Massachusetts,US,31.498965201365394,http://standardhealthrecord.org/fhir/StructureDefinition/passportNumber,X67497912X,http://terminology.hl7.org/CodeSystem/v2-0203,PPN,Passport Number,Passport Number,maiden,Cremin516,phone,555-833-4897,home,female,1988-02-07,http://hl7.org/fhir/StructureDefinition/geolocation,longitude,-71.16858315770543,Newton,MA,02460,US,http://terminology.hl7.org/CodeSystem/v3-MaritalStatus,M,M,M,False,urn:ietf:bcp:47,en-US,English,English
Patient,4878889a-9b4f-22fc-7060-ed9f5c05940c,generated,"<div xmlns=""http://www.w3.org/1999/xhtml"">Generated by <a href=""https://github.com/synthetichealth/synthea"">Synthea</a>.Version identifier: master-branch-latest
 .   Person seed: -4839551305514290653  Population seed: 13235</div>",http://synthetichealth.github.io/synthea/quality-adjusted-life-years,text,urn:oid:2.16.840.1.113883.6.238,2135-2,Hispanic or Latino,Hispanic or Latino,Margarita164 Delarosa409,M,Gaudalajara,Jalisco,MX,12.99487428164362,http://hl7.org/fhir/sid/us-ssn,999-66-7470,http://terminology.hl7.org/CodeSystem/v2-0203,SS,Social Security Number,Social Security Number,official,Patiño436,phone,555-704-3016,home,male,2007-05-31,http://hl7.org/fhir/StructureDefinition/geolocation,longitude,-71.12154995085999,Fall River,MA,US,http://terminology.hl7.org/CodeSystem/v3-MaritalStatus,S,Never Married,Never Married,False,urn:ietf:bcp:47,es,Spanish,Spanish
Patient,aa4eae2c-733a-35f9-8869-d33a6015db23,generated,"<div xmlns=""http://www.w3.org/1999/xhtml"">Generated by <a href=""https://github.com/synthetichealth/synthea"">Synthea</a>.Version identifier: master-branch-latest
 .   Person seed: -6830159664252929468  Population seed: 13235</div>",http://synthetichealth.github.io/synthea/quality-adjusted-life-years,text,urn:oid:2.16.840.1.113883.6.238,2135-2,Hispanic or Latino,Hispanic or Latino,Ana Luisa894 Mascareñas995,F,San Juan,Puerto Rico,PR,67.86807334316211,http://standardhealthrecord.org/fhir/StructureDefinition/passportNumber,X15329259X,http://terminology.hl7.org/CodeSystem/v2-0203,PPN,Passport Number,Passport Number,maiden,Puga7,phone,555-802-8500,home,female,1944-08-23,http://hl7.org/fhir/StructureDefinition/geolocation,longitude,-71.85454702885269,Worcester,MA,01545,US,http://terminology.hl7.org/CodeSystem/v3-MaritalStatus,M,M,M,False,urn:ietf:bcp:47,es,Spanish,Spanish
Patient,da6120a6-4557-7db3-b44c-43c38568c119,generated,"<div xmlns=""http://www.w3.org/1999/xhtml"">Generated by <a href=""https://github.com/synthetichealth/synthea"">Synthea</a>.Version identifier: master-branch-latest
 .   Person seed: 2300839820461956962  Population seed: 13235</div>",http://synthetichealth.github.io/synthea/quality-adjusted-life-years,text,urn:oid:2.16.840.1.113883.6.238,2186-5,Not Hispanic or Latino,Not Hispanic or Latino,Mandy775 Ebert178,F,Lakeville,Massachusetts,US,44.19895925577014,http://standardhealthrecord.org/fhir/StructureDefinition/passportNumber,X3441471X,http://terminology.hl7.org/CodeSystem/v2-0203,PPN,Passport Number,Passport Number,official,Labadie908,phone,555-992-6481,home,female,1974-06-13,http://hl7.org/fhir/StructureDefinition/geolocation,longitude,-71.41310043195344,Concord,MA,US,http://terminology.hl7.org/CodeSystem/v3-MaritalStatus,S,S,S,False,urn:ietf:bcp:47,en-US,English,English
Patient,ac56a3df-7399-e895-2a6e-6ae757f3f4a5,generated,"<div xmlns=""http://www.w3.org/1999/xhtml"">Generated by <a href=""https://github.com/synthetichealth/synthea"">Synthea</a>.Version identifier: master-branch-latest
 .   Person seed: -2522682685051357659  Population seed: 13235</div>",http://synthetichealth.github.io/synthea/quality-adjusted-life-years,text,urn:oid:2.16.840.1.113883.6.238,2186-5,Not Hispanic or Latino,Not Hispanic or Latino,Tabatha105 Pfeffer420,M,Marblehead,Massachusetts,US,23.896759669794292,http://standardhealthrecord.org/fhir/StructureDefinition/passportNumber,X5189437X,http://terminology.hl7.org/CodeSystem/v2-0203,PPN,Passport Number,Passport Number,official,Quigley282,phone,555-315-1469,home,male,1996-08-22,http://hl7.org/fhir/StructureDefinition/geolocation,longitude,-70.80383460892213,Marblehead,MA,US,http://terminology.hl7.org/CodeSystem/v3-MaritalStatus,S,Never Married,Never Married,False,urn:ietf:bcp:47,en-US,English,English
Patient,4a627a30-b963-bd1c-58be-0499f24d9670,generated,"<div xmlns=""http://www.w3.org/1999/xhtml"">Generated by <a href=""https://github.com/synthetichealth/synthea"">Synthea</a>.Version identifier: master-branch-latest
 .   Person seed: 8549356321565760034  Population seed: 13235</div>",http://synthetichealth.github.io/synthea/quality-adjusted-life-years,text,urn:oid:2.16.840.1.113883.6.238,2186-5,Not Hispanic or Latino,Not Hispanic or Latino,Blake449 Emard19,M,Malden,Massachusetts,US,60.995310628717306,http://standardhealthrecord.org/fhir/StructureDefinition/passportNumber,X30108696X,http://terminology.hl7.org/CodeSystem/v2-0203,PPN,Passport Number,Passport Number,official,Walker122,phone,555-480-6579,home,male,1959-03-26,http://hl7.org/fhir/StructureDefinition/geolocation,longitude,-70.87757662527434,Salem,MA,01907,US,http://terminology.hl7.org/CodeSystem/v3-MaritalStatus,M,M,M,False,urn:ietf:bcp:47,en-US,English,English
Patient,c8c2969a-32d7-9694-ce15-378ae4d66413,generated,"<div xmlns=""http://www.w3.org/1999/xhtml"">Generated by <a href=""https://github.com/synthetichealth/synthea"">Synthea</a>.Version identifier: master-branch-latest
 .   Person seed: 1941241358376243052  Population seed: 13235</div>",http://synthetichealth.github.io/synthea/quality-adjusted-life-years,text,urn:oid:2.16.840.1.113883.6.238,2186-5,Not Hispanic or Latino,Not Hispanic or Latino,Halina47 Runolfsdottir785,F,Dartmouth,Massachusetts,US,42.266286747395725,http://standardhealthrecord.org/fhir/StructureDefinition/passportNumber,X27254935X,http://terminology.hl7.org/CodeSystem/v2-0203,PPN,Passport Number,Passport Number,maiden,Treutel973,phone,555-626-7922,home,female,1976-01-01,http://hl7.org/fhir/StructureDefinition/geolocation,longitude,-71.51126836311106,Hudson,MA,US,http://terminology.hl7.org/CodeSystem/v3-MaritalStatus,M,M,M,False,urn:ietf:bcp:47,en-US,English,English
Patient,89ba9a77-7aed-6cb8-6795-fb21f0ec237c,generated,"<div xmlns=""http://www.w3.org/1999/xhtml"">Generated by <a href=""https://github.com/synthetichealth/synthea"">Synthea</a>.Version identifier: master-branch-latest
 .   Person seed: -9031270621320293358  Population seed: 13235</div>",http://synthetichealth.github.io/synthea/quality-adjusted-life-years,text,urn:oid:2.16.840.1.113883.6.238,2186-5,Not Hispanic or Latino,Not Hispanic or Latino,Elenora790 Terry864,F,Mansfield,Massachusetts,US,55.07843791163862,http://standardhealthrecord.org/fhir/StructureDefinition/passportNumber,X54032680X,http://terminology.hl7.org/CodeSystem/v2-0203,PPN,Passport Number,Passport Number,official,Gulgowski816,phone,555-202-8080,home,female,1954-06-17,http://hl7.org/fhir/StructureDefinition/geolocation,longitude,-71.09460941637927,Randolph,MA,US,http://terminology.hl7.org/CodeSystem/v3-MaritalStatus,S,S,S,False,urn:ietf:bcp:47,en-US,English,English
Patient,15201e77-7e36-0667-73bc-013783e57649,generated,"<div xmlns=""http://www.w3.org/1999/xhtml"">Generated by <a href=""https://github.com/synthetichealth/synthea"">Synthea</a>.Version identifier: master-branch-latest
 .   Person seed: 261612298851398278  Population seed: 13235</div>",http://synthetichealth.github.io/synthea/quality-adjusted-life-years,text,urn:oid:2.16.840.1.113883.6.238,2186-5,Not Hispanic or Latino,Not Hispanic or Latino,Herlinda751 Jones311,F,Beijing,Beijing Municipality,CN,65.06102652053455,http://standardhealthrecord.org/fhir/StructureDefinition/passportNumber,X66801116X,http://terminology.hl7.org/CodeSystem/v2-0203,PPN,Passport Number,Passport Number,maiden,Lang846,phone,555-165-4080,home,female,1946-02-17,http://hl7.org/fhir/StructureDefinition/geolocation,longitude,-71.17560251863814,Sharon,MA,02067,US,http://terminology.hl7.org/CodeSystem/v3-MaritalStatus,M,M,M,False,urn:ietf:bcp:47,zh,Chinese,Chinese
Patient,f38fe4a9-1634-144c-0147-53c0300c1561,generated,"<div xmlns=""http://www.w3.org/1999/xhtml"">Generated by <a href=""https://github.com/synthetichealth/synthea"">Synthea</a>.Version identifier: master-branch-latest
 .   Person seed: -256728615329246151  Population seed: 13235</div>",http://synthetichealth.github.io/synthea/quality-adjusted-life-years,text,urn:oid:2.16.840.1.113883.6.238,2186-5,Not Hispanic or Latino,Not Hispanic or Latino,Gwen761 Jast432,M,Boston,Massachusetts,US,46.74445614570182,http://standardhealthrecord.org/fhir/StructureDefinition/passportNumber,X72519883X,http://terminology.hl7.org/CodeSystem/v2-0203,PPN,Passport Number,Passport Number,official,Conn188,phone,555-827-4969,home,male,1969-04-01,http://hl7.org/fhir/StructureDefinition/geolocation,longitude,-71.2773181836142,Lincoln,MA,US,http://terminology.hl7.org/CodeSystem/v3-MaritalStatus,S,S,S,False,urn:ietf:bcp:47,en-US,English,English
Patient,686e4b2e-1f8d-7018-c335-1604a300121b,generated,"<div xmlns=""http://www.w3.org/1999/xhtml"">Generated by <a href=""https://github.com/synthetichealth/synthea"">Synthea</a>.Version identifier: master-branch-latest
 .   Person seed: -4186784951839599374  Population seed: 13235</div>",http://synthetichealth.github.io/synthea/quality-adjusted-life-years,text,urn:oid:2.16.840.1.113883.6.238,2186-5,Not Hispanic or Latino,Not Hispanic or Latino,Alaina222 Schamberger479,M,Concord,Massachusetts,US,43.85057493540219,http://standardhealthrecord.org/fhir/StructureDefinition/passportNumber,X47498032X,http://terminology.hl7.org/CodeSystem/v2-0203,PPN,Passport Number,Passport Number,official,Barton704,phone,555-559-4415,home,male,1976-10-22,http://hl7.org/fhir/StructureDefinition/geolocation,longitude,-71.45067340084218,Medway,MA,US,http://terminology.hl7.org/CodeSystem/v3-MaritalStatus,S,S,S,False,urn:ietf:bcp:47,en-US,English,English
Patient,37d57af4-d27f-fb97-9b5c-a1090f5a57b7,generated,"<div xmlns=""http://www.w3.org/1999/xhtml"">Generated by <a href=""https://github.com/synthetichealth/synthea"">Synthea</a>.Version identifier: master-branch-latest
 .   Person seed: -4968283192406602586  Population seed: 13235</div>",http://synthetichealth.github.io/synthea/quality-adjusted-life-years,text,urn:oid:2.16.840.1.113883.6.238,2186-5,Not Hispanic or Latino,Not Hispanic or Latino,Renee555 Schulist381,M,Haverhill,Massachusetts,US,49.82680275374228,http://standardhealthrecord.org/fhir/StructureDefinition/passportNumber,X6602431X,http://terminology.hl7.org/CodeSystem/v2-0203,PPN,Passport Number,Passport Number,official,Wyman904,phone,555-226-3023,home,male,1970-01-04,http://hl7.org/fhir/StructureDefinition/geolocation,longitude,-70.93625198136097,Danvers,MA,01923,US,http://terminology.hl7.org/CodeSystem/v3-MaritalStatus,M,M,M,False,urn:ietf:bcp:47,en-US,English,English
Patient,4995ca99-2ab9-3b18-a56e-c33d29e53af0,generated,"<div xmlns=""http://www.w3.org/1999/xhtml"">Generated by <a href=""https://github.com/synthetichealth/synthea"">Synthea</a>.Version identifier: master-branch-latest
 .   Person seed: 5865872519951022805  Population seed: 13235</div>",http://synthetichealth.github.io/synthea/quality-adjusted-life-years,text,urn:oid:2.16.840.1.113883.6.238,2186-5,Not Hispanic or Latino,Not Hispanic or Latino,Gwen761 Veum823,M,Haverhill,Massachusetts,US,60.531412936858665,http://standardhealthrecord.org/fhir/StructureDefinition/passportNumber,X44084101X,http://terminology.hl7.org/CodeSystem/v2-0203,PPN,Passport Number,Passport Number,official,Schoen8,phone,555-606-8142,home,male,1950-08-27,2013-01-09T01:59:19+00:00,http://hl7.org/fhir/StructureDefinition/geolocation,longitude,-70.3677103167139,Barnstable,MA,02672,US,http://terminology.hl7.org/CodeSystem/v3-MaritalStatus,M,M,M,False,urn:ietf:bcp:47,en-US,English,English
